Country,id,first_name,last_name,birth_date,death_date,place_of_birth,wikipedia_url,start_mandate,end_mandate,wikipedia_bio
fr,Q157,François,Hollande,1954-08-12,,Rouen,https://fr.wikipedia.org/wiki/Fran%C3%A7ois_Hollande,2012-05-15,2017-05-14,"François Hollande , né le 12 août 1954 à Rouen (Seine-Inférieure), est un haut fonctionnaire et homme d'État français. Il est président de la République française du 15 mai 2012 au 14 mai 2017."
fr,Q329,Nicolas,Sarkozy,1955-01-28,,Paris,https://fr.wikipedia.org/wiki/Nicolas_Sarkozy,2007-05-16,2012-05-15,"Nicolas Sarközy de Nagy-Bocsa, dit Nicolas Sarkozy , né le 28 janvier 1955 à Paris17e (Seine), est un homme d'État français. Il est président de la République française du 16 mai 2007 au 15 mai 2012."
fr,Q2038,François,Mitterrand,1916-10-26,1996-01-08,Jarnac,https://fr.wikipedia.org/wiki/Fran%C3%A7ois_Mitterrand,1981-05-21,1995-05-17,"François Mitterrand , né le 26 octobre 1916 à Jarnac (Charente) et mort le 8 janvier 1996 dans le 7earrondissement de Paris, est un homme d'État français. Il est président de la République française du 21 mai 1981 au 17 mai 1995."
fr,Q2042,Charles,de Gaulle,1890-11-22,1970-11-09,Lille,https://fr.wikipedia.org/wiki/Charles_de_Gaulle,1959-01-08,1969-04-28,"Charles de Gaulle , couramment appelé le général de Gaulle ou simplement le Général, né le 22 novembre 1890 à Lille (Nord) et mort le 9 novembre 1970 à Colombey-les-Deux-Églises (Haute-Marne), est un militaire, résistant, homme d'État et écrivain français. Pendant la Seconde Guerre mondiale, Charles de Gaulle a fondé la France libre; à la Libération, il préside le gouvernement provisoire à partir de 1944 jusqu'en 1946. Instigateur de la VeRépublique, il en a été le premier président du 8 janvier 1959 au 28 avril 1969."
fr,Q2105,Jacques,Chirac,1932-11-29,2019-09-26,5th arrondissement of Paris,https://fr.wikipedia.org/wiki/Jacques_Chirac,1995-05-17,2007-05-16,"Jacques Chirac , né le 29 novembre 1932 dans le 5earrondissement de Paris et mort le 26 septembre 2019 dans le 6earrondissement de la même ville, est un homme d'État français. Il est Premier ministre du 27 mai 1974 au 25 août 1976 et du 20 mars 1986 au 10 mai 1988, et président de la République française du 17 mai 1995 au 16 mai 2007."
fr,Q2124,Valéry,Giscard d'Estaing,1926-02-02,2020-12-02,Koblenz,https://fr.wikipedia.org/wiki/Val%C3%A9ry_Giscard_d%27Estaing,1974-05-27,1981-05-21,"«Giscard» et «VGE» redirigent ici. Pour les autres significations, voir Giscard (homonymie) et VGE (homonymie)."
fr,Q2185,Georges,Pompidou,1911-07-05,1974-04-02,Montboudif,https://fr.wikipedia.org/wiki/Georges_Pompidou,1969-06-20,1974-04-02,"Georges Pompidou , né le 5 juillet 1911 à Montboudif (Cantal) et mort le 2 avril 1974 dans le 4earrondissement de Paris, est un homme d'État français. Il est Premier ministre du 14 avril 1962 au 10 juillet 1968 et président de la République française du 20 juin 1969 jusqu'à sa mort."
fr,Q5738,Adolphe,Thiers,1797-04-15,1877-09-03,Marseille,https://fr.wikipedia.org/wiki/Adolphe_Thiers,1871-08-31,1873-05-24,"Adolphe Thiers, né le 15 avril 1797 (26 germinal an V) à Marseille (Bouches-du-Rhône) et mort le 3 septembre 1877 à Saint-Germain-en-Laye (Seine-et-Oise), est un avocat, journaliste, historien et homme d'État français."
fr,Q7721,Napoléon,Bonaparte,1808-04-20,1873-01-09,Paris,https://fr.wikipedia.org/wiki/Napol%C3%A9on_III,1848-12-20,1852-12-02,"Pour les articles homonymes, voir Louis-Napoléon Bonaparte (homonymie), Napoléon (homonymie) et Bonaparte (homonymie)."
fr,Q12680,Paul,Doumer,1857-03-22,1932-05-07,Aurillac,https://fr.wikipedia.org/wiki/Paul_Doumer,1931-06-13,1932-05-07,"Joseph Athanase Doumer, dit Paul Doumer, né le 22 mars 1857 à Aurillac (Cantal) et mort assassiné le 7 mai 1932 à Paris (Seine), est un homme d'État français. Il est président de la République du 13 juin 1931 à sa mort."
fr,Q12950,Alain,Poher,1909-04-17,1996-12-09,Ablon-sur-Seine,https://fr.wikipedia.org/wiki/Alain_Poher,1969-04-28,1969-06-20,"Alain Poher, né le 17 avril 1909 à Ablon-sur-Seine (Seine-et-Oise) et mort le 9 décembre 1996 dans le 16earrondissement de Paris, est un homme d'État français. Président du Sénat de 1968 à 1992, il exerce à ce titre les fonctions de président de la République par intérim en 1969 et 1974."
fr,Q158749,Albert,Lebrun,1871-08-29,1950-03-06,Mercy-le-Haut,https://fr.wikipedia.org/wiki/Albert_Lebrun,1932-05-10,1940-07-11,"Albert Lebrun, né le 29 août 1871 à Mercy-le-Haut (alors dans la partie de la Moselle restée française après le traité de Francfort) et mort le 6 mars 1950 à Paris (alors dans le département de la Seine), est un homme d'État français. Il est président de la République française du 10 mai 1932 au 11 juillet 1940 (le dernier de la IIIeRépublique)."
fr,Q158768,René,Coty,1882-03-20,1962-11-22,Le Havre,https://fr.wikipedia.org/wiki/Ren%C3%A9_Coty,1954-01-16,1959-01-08,"René Coty, né le 20 mars 1882 au Havre et mort le 22 novembre 1962 dans la même ville, est un homme d'État français. Il est président de la République du 16 janvier 1954 au 8 janvier 1959."
fr,Q158772,Vincent,Auriol,1884-08-27,1966-01-01,Revel,https://fr.wikipedia.org/wiki/Vincent_Auriol,1947-01-16,1954-01-16,"Vincent Auriol, né le 27 août 1884 à Revel (Haute-Garonne) et mort le 1er janvier 1966 à Paris, est un homme d'État français. Il est président de la République du 16 janvier 1947 au 16 janvier 1954."
fr,Q158838,Patrice,de Mac Mahon,1808-06-13,1893-10-17,Sully,https://fr.wikipedia.org/wiki/Patrice_de_Mac_Mahon,1873-05-24,1879-01-30,"Les informations figurant dans cet article ou cette section doivent être reliées aux sources mentionnées dans les sections «Bibliographie», «Sources» ou «Liens externes» (août 2025)."
fr,Q169502,Émile,Loubet,1838-12-31,1929-12-20,Marsanne,https://fr.wikipedia.org/wiki/%C3%89mile_Loubet,1899-02-18,1906-02-18,"Les informations figurant dans cet article ou cette section doivent être reliées aux sources mentionnées dans les sections «Bibliographie», «Sources» ou «Liens externes» (août 2025)."
fr,Q191974,Raymond,Poincaré,1860-08-20,1934-10-15,Bar-le-Duc,https://fr.wikipedia.org/wiki/Raymond_Poincar%C3%A9,1913-02-18,1920-02-18,"Raymond Poincaré, né le 20 août 1860 à Bar-le-Duc (Meuse) et mort le 15 octobre 1934 à Paris, est un avocat et homme d'État français. Il est le président de la République française du 18 février 1913 au 18 février 1920."
fr,Q215778,Marie,Carnot,1837-08-11,1894-06-25,Limoges,https://fr.wikipedia.org/wiki/Sadi_Carnot_(homme_d%27%C3%89tat),1887-12-03,1894-06-25,"Sadi Carnot, né le 11 août 1837 à Limoges (Haute-Vienne) et mort assassiné le 25 juin 1894 à Lyon (Rhône), est un homme d'État français, président de la République du 3 décembre 1887 à sa mort."
fr,Q274540,Alexandre,Millerand,1859-02-10,1943-04-06,Paris,https://fr.wikipedia.org/wiki/Alexandre_Millerand,1920-09-23,1924-06-11,"Alexandre Millerand, né le 10 février 1859 à Paris et mort le 6 avril 1943 à Versailles, est un homme d'État français. Il est président du Conseil du 20 janvier au 23 septembre 1920, puis président de la République du 23 septembre 1920 au 11 juin 1924."
fr,Q296064,Gaston,Doumergue,1863-08-01,1937-06-18,Aigues-Vives,https://fr.wikipedia.org/wiki/Gaston_Doumergue,1924-06-13,1931-06-13,"Gaston Doumergue, né le 1er août 1863 à Aigues-Vives (Gard) et mort le 18 juin 1937 dans la même ville, est un homme d'État français. Il est président de la République française du 13 juin 1924 au 13 juin 1931."
fr,Q296076,Félix,Faure,1841-01-30,1899-02-16,Paris,https://fr.wikipedia.org/wiki/F%C3%A9lix_Faure,1895-01-17,1899-02-16,"Les informations figurant dans cet article ou cette section doivent être reliées aux sources mentionnées dans les sections «Bibliographie», «Sources» ou «Liens externes» (août 2025)."
fr,Q296083,Jules,Grévy,1807-08-15,1891-09-09,Mont-sous-Vaudrey,https://fr.wikipedia.org/wiki/Jules_Gr%C3%A9vy,1879-01-30,1887-12-02,"Jules Grévy, né le 15 août 1807 à Mont-sous-Vaudrey (Jura) et mort le 9 septembre 1891 dans la même commune, est un homme d'État français, président de la République du 30 janvier 1879 au 2 décembre 1887."
fr,Q296673,Clément,Fallières,1841-11-06,1931-06-22,Mézin,https://fr.wikipedia.org/wiki/Armand_Falli%C3%A8res,1906-02-18,1913-02-18,"Les informations figurant dans cet article ou cette section doivent être reliées aux sources mentionnées dans les sections «Bibliographie», «Sources» ou «Liens externes» (août 2025)."
fr,Q309995,Paul,Deschanel,1855-02-13,1922-04-28,Schaerbeek - Schaarbeek,https://fr.wikipedia.org/wiki/Paul_Deschanel,1920-02-18,1920-09-21,"Paul Deschanel, né le 13 février 1855 à Schaerbeek (Belgique) et mort le 28 avril 1922 à Paris (France), est un homme d'État, journaliste et écrivain français, président de la République du 18 février au 21 septembre 1920."
fr,Q312026,Georges,Bidault,1899-10-05,1983-01-27,Moulins,https://fr.wikipedia.org/wiki/Georges_Bidault,1946-06-24,1946-10-14,"Georges Bidault, né le 5 octobre 1899 à Moulins (Allier) et mort le 27 janvier 1983 à Cambo-les-Bains (Pyrénées-Atlantiques), est un résistant et homme d'État français."
fr,Q315656,Jean,Casimir-Perier,1847-11-08,1907-03-11,Paris,https://fr.wikipedia.org/wiki/Jean_Casimir-Perier,1894-06-27,1895-01-16,"Les informations figurant dans cet article ou cette section doivent être reliées aux sources mentionnées dans les sections «Bibliographie», «Sources» ou «Liens externes» (août 2025)."
fr,Q356032,Charles,Dupuy,1851-11-05,1923-07-23,Le Puy-en-Velay,https://fr.wikipedia.org/wiki/Charles_Dupuy,1894-06-25,1894-06-27,"Charles Dupuy, né le 5 novembre 1851 au Puy-en-Velay et mort le 23 juillet 1923 à Ille-sur-Têt, est un homme d'État français. Il occupe à plusieurs reprises la fonction de président du Conseil sous la IIIe République, entre 1893 et 1899. Il est également président de la Chambre des députés de 1893 à 1894."
fr,Q379702,Louis,Cavaignac,1802-10-15,1857-10-28,Paris,https://fr.wikipedia.org/wiki/Eug%C3%A8ne_Cavaignac,1848-06-28,1848-12-20,"Cet article concerne l'homme politique. Pour son petit-fils historien, voir Eugène Cavaignac (historien)."
fr,Q441235,Louis,None,1815-03-12,1896-10-07,Le Palais,https://fr.wikipedia.org/wiki/Louis_Jules_Trochu,1870-09-04,1871-01-22,"Louis Jules Trochu, né au Palais à Belle-Île-en-Mer (Morbihan) le 12 mars 1815 et mort à Tours (Indre-et-Loire) le 7 octobre 1896, est un général de division et homme d'État français sous le Second Empire."
fr,Q459212,Frédéric,None,1874-03-16,1958-05-20,Paris,https://fr.wikipedia.org/wiki/Fr%C3%A9d%C3%A9ric_Fran%C3%A7ois-Marsal,1924-06-11,1924-06-13,"Frédéric François-Marsal, né le 16 mars 1874 à Paris 8e (Seine) et mort le 20 mai 1958 à Gisors (Eure), est un homme d'affaires et un homme politique français de la droite républicaine, dont la carrière politique a culminé avec son bref passage à la présidence du Conseil en 1924."
fr,Q3052772,Emmanuel,Macron,1977-12-21,,Amiens,https://fr.wikipedia.org/wiki/Emmanuel_Macron,2017-05-14,,"Emmanuel Macron , né le 21 décembre 1977 à Amiens (Somme), est un homme d'État français. Il est président de la République française à partir du 14 mai 2017."
us,Q23,George,Washington,1732-02-22,1799-12-14,Westmoreland County,https://en.wikipedia.org/wiki/George_Washington,1789-04-30,1797-03-04,"George Washington (February 22, 1732 – December 14, 1799) was a Founding Father and the first president of the United States, serving from 1789 to 1797. As commander of the Continental Army, Washington led Patriot forces to victory in the American Revolutionary War against the British Empire. He is commonly known as the Father of His Country for his role in bringing about American independence."
us,Q76,Barack,Obama,1961-08-04,,Kapiolani Medical Center for Women and Children,https://en.wikipedia.org/wiki/Barack_Obama,2009-01-20,2017-01-20,"Barack Hussein Obama II (born August 4, 1961) is an American politician who served as the 44th president of the United States from 2009 to 2017. A member of the Democratic Party, he was the first African American president. Obama previously served as a U.S. senator representing Illinois from 2005 to 2008 and as an Illinois state senator from 1997 to 2004."
us,Q91,Abraham,Lincoln,1809-02-12,1865-04-15,Sinking Spring Farm,https://en.wikipedia.org/wiki/Abraham_Lincoln,1861-03-04,1865-04-15,"Abraham Lincoln (February 12, 1809– April 15, 1865) was the 16th president of the United States, serving from 1861 until his assassination in 1865. He led the United States through the American Civil War, defeating the Confederacy and playing a major role in the abolition of slavery."
us,Q207,George,Bush,1946-07-06,,New Haven,https://en.wikipedia.org/wiki/George_W._Bush,2001-01-20,2009-01-20,"George Walker Bush (born July 6, 1946) is an American politician, businessman, and former United States Air Force officer who was the 43rd president of the United States, serving from 2001 to 2009. The eldest son of George H. W. Bush, the 41st president of the United States, he was the governor of Texas from 1995 to 2000."
us,Q1124,Bill,Clinton,1946-08-19,,Hope,https://en.wikipedia.org/wiki/Bill_Clinton,1993-01-20,2001-01-20,"William Jefferson Clinton (néBlythe III; born August 19, 1946) is an American politician and lawyer who served as the 42nd president of the United States from 1993 to 2001. A member of the Democratic Party, he previously served as the attorney general of Arkansas from 1977 to 1979 and as the governor of Arkansas from 1979 to 1981, and again from 1983 to 1992. His centrist ""Third Way"" political philosophy became known as Clintonism, which dominated his presidency and the succeeding decades of Democratic Party history."
us,Q6279,Joe,Biden,1942-11-20,,St. Mary's Hospital,https://en.wikipedia.org/wiki/Joe_Biden,2021-01-20,,"Joseph Robinette Biden Jr. (born November 20, 1942) is an American retired politician who was the 46th president of the United States from 2021 to 2025. A member of the Democratic Party, he represented Delaware in the United States Senate from 1973 to 2009 and also served as the 47th vice president under President Barack Obama from 2009 to 2017."
us,Q8007,Franklin,Roosevelt,1882-01-30,1945-04-12,Hyde Park,https://en.wikipedia.org/wiki/Franklin_D._Roosevelt,1933-03-04,1945-04-12,"Franklin Delano Roosevelt (January 30, 1882– April 12, 1945), also known as FDR, was the 32nd president of the United States, serving from 1933 until his death in 1945. He is the longest-serving US president and the only one to have served more than two terms. His first two terms were centered on combating the Great Depression, while his third and fourth focused on US involvement in World War II. A member of the Democratic Party, Roosevelt served in the New York State Senate from 1911 to 1913 and as the 44th governor of New York from 1929 to 1932."
us,Q8612,Andrew,Johnson,1808-12-29,1875-07-31,Raleigh,https://en.wikipedia.org/wiki/Andrew_Johnson,1865-04-15,1869-03-04,"Andrew Johnson (December 29, 1808– July 31, 1875) was the 17th president of the United States, serving from 1865 to 1869. The 16th vice president, he assumed the presidency following the assassination of Abraham Lincoln. Johnson was a War Democrat who ran with Lincoln on the National Union Party ticket in the 1864 presidential election, coming to office as the American Civil War concluded. Johnson favored quick restoration of the seceded states to the Union without protection for the newly freed people who were formerly enslaved, as well as pardoning ex-Confederates. This led to conflict with the Republican Party-dominated U.S. Congress, culminating in his impeachment by the House of Representatives in 1868. He was acquitted in the Senate by one vote."
us,Q9582,Gerald,Ford,1913-07-14,2006-12-26,Omaha,https://en.wikipedia.org/wiki/Gerald_Ford,1974-08-09,1977-01-20,"Gerald Rudolph Ford Jr. (born Leslie Lynch King Jr.; July 14, 1913– December 26, 2006) was the 38th president of the United States, serving from 1974 to 1977. He assumed the presidency after the resignation of Richard Nixon, under whom he served as the 40th vice president from 1973 to 1974, after the resignation of Spiro Agnew. A member of the Republican Party, Ford previously served in the U.S. House of Representatives from 1949 to 1973."
us,Q9588,Richard,Nixon,1913-01-09,1994-04-22,Yorba Linda,https://en.wikipedia.org/wiki/Richard_Nixon,1969-01-20,1974-08-09,"Richard Milhous Nixon (January 9, 1913– April 22, 1994) was the 37th president of the United States, serving from 1969 until his resignation in 1974. A member of the Republican Party, he represented California in both houses of the United States Congress before serving as the 36th vice president under President Dwight D. Eisenhower from 1953 to 1961. His presidency saw the reduction of U.S. involvement in the Vietnam War, détente with the Soviet Union and China, the Apollo 11 Moon landing, and the establishment of the Environmental Protection Agency and Occupational Safety and Health Administration. Nixon's second term ended early when he became the only U.S. president to resign from office, as a result of the Watergate scandal."
us,Q9640,Lyndon,Johnson,1908-08-27,1973-01-22,Stonewall,https://en.wikipedia.org/wiki/Lyndon_B._Johnson,1963-11-22,1969-01-20,"Lyndon Baines Johnson (August 27, 1908–January 22, 1973), also known as LBJ, was the 36th president of the United States from 1963 to 1969. Johnson was vice president under John F. Kennedy from 1961 until Kennedy's assassination in 1963, when he assumed the presidency. Before becoming vice president, he served in both houses of the U.S. Congress, representing Texas as a member of the Democratic Party."
us,Q9696,John,Kennedy,1917-05-29,1963-11-22,Brookline,https://en.wikipedia.org/wiki/John_F._Kennedy,1961-01-20,1963-11-22,"John Fitzgerald Kennedy (May 29, 1917 – November 22, 1963), also known as JFK, was the 35th president of the United States, serving from 1961 until his assassination in 1963. He was the youngest person elected president, at 43 years. Kennedy served at the height of the Cold War, and the majority of his foreign policy concerned relations with the Soviet Union and Cuba. A member of the Democratic Party, Kennedy represented Massachusetts in both houses of the United States Congress before his presidency."
us,Q9916,Dwight,Eisenhower,1890-10-14,1969-03-28,Denison,https://en.wikipedia.org/wiki/Dwight_D._Eisenhower,1953-01-20,1961-01-20,"Dwight David Eisenhower (born David Dwight Eisenhower; October 14, 1890– March 28, 1969), also known as Ike, was the 34th president of the United States, serving from 1953 to 1961. A General of the Army, Eisenhower was the supreme commander of the Allied Expeditionary Force. His successful leadership in Operation Torch (1942–1943) and Operation Overlord (Jun–Aug 1944) was pivotal to the Allied victory in World War II."
us,Q9960,Ronald,Reagan,1911-02-06,2004-06-05,Tampico,https://en.wikipedia.org/wiki/Ronald_Reagan,1981-01-20,1989-01-20,"Ronald Wilson Reagan (February 6, 1911 – June 5, 2004) was an American politician and actor who served as the 40th president of the United States from 1981 to 1989. A member of the Republican Party, he became an important figure in the American conservative movement. The period encompassing his presidency is known as the Reagan era."
us,Q11613,Harry,Truman,1884-05-08,1972-12-26,Lamar,https://en.wikipedia.org/wiki/Harry_S._Truman,1945-04-12,1953-01-20,"Harry S. Truman (May 8, 1884– December 26, 1972) was the 33rd president of the United States, serving from 1945 to 1953. As the 34th vice president in 1945, he assumed the presidency upon the death of Franklin D. Roosevelt that year. Truman subsequently implemented the Marshall Plan in the aftermath of World War II to rebuild the economy of Western Europe, and established both the Truman Doctrine and NATO to contain the expansion of Soviet communism. A member of the Democratic Party, he proposed numerous New Deal coalition liberal domestic reforms, but few were enacted by the conservative coalition that dominated the United States Congress."
us,Q11806,John,Adams,,1826-07-04,Braintree,https://en.wikipedia.org/wiki/John_Adams,1797-03-04,1801-03-04,"John Adams (October 30, 1735 – July 4, 1826) was a Founding Father and the second president of the United States from 1797 to 1801. Before his presidency, he was a leader of the American Revolution that achieved independence from Great Britain. During the latter part of the Revolutionary War and in the early years of the new nation, he served the Continental Congress of the United States as a senior diplomat in Europe. Adams was the first vice president of the United States, serving from 1789 to 1797. He was a dedicated diarist and regularly corresponded with contemporaries, including his wife and advisor Abigail Adams and his friend and rival Thomas Jefferson."
us,Q11812,Thomas,Jefferson,,1826-07-04,Shadwell,https://en.wikipedia.org/wiki/Thomas_Jefferson,1801-03-04,1809-03-04,"Thomas Jefferson (April 13 , 1743 – July 4, 1826) was a Founding Father and the third president of the United States from 1801 to 1809. He was the second vice president under John Adams. Jefferson was the primary author of the Declaration of Independence, and a leading proponent of democracy, republicanism and natural rights."
us,Q11813,James,Madison,1751-03-16,1836-06-28,Port Conway,https://en.wikipedia.org/wiki/James_Madison,1809-03-04,1817-03-04,"James Madison (March 16, 1751 – June 28, 1836) was an American statesman, diplomat, and Founding Father who served as the fourth president of the United States from 1809 to 1817. Madison was popularly acclaimed as the ""Father of the Constitution"" for his pivotal role in drafting and promoting the Constitution of the United States and the Bill of Rights."
us,Q11815,James,Monroe,1758-04-28,1831-07-04,Monroe Hall,https://en.wikipedia.org/wiki/James_Monroe,1817-03-04,1825-03-04,"James Monroe (April 28, 1758– July 4, 1831) was an American Founding Father who served as the fifth president of the United States from 1817 to 1825. He was the last Founding Father to serve as president as well as the last president of the Virginia dynasty. Monroe was a member of the Democratic-Republican Party, and his presidency coincided with the Era of Good Feelings, concluding the First Party System era of American politics. He issued the Monroe Doctrine, a policy of limiting European colonialism in the Americas. Monroe had previously served as Governor of Virginia, a member of the United States Senate, U.S. ambassador to France and Britain, the seventh secretary of state, and the eighth secretary of war."
us,Q11816,John,Adams,1767-07-11,1848-02-23,Braintree,https://en.wikipedia.org/wiki/John_Quincy_Adams,1825-03-04,1829-03-04,"John Quincy Adams was the sixth president of the United States, serving from 1825 to 1829. He previously served as the eighth United States secretary of state from 1817 to 1825; minister to Great Britain, Prussia, and Russia; and senator for Massachusetts. After his presidency, Adams uniquely returned to Congress as a member of the lower house, where he died in 1848. He was the eldest son of John Adams, the second president, and First Lady Abigail Adams. Among his children were Charles Francis Adams Sr. Initially a Federalist like his father, Adams spent his presidency as a member of the Democratic-Republican Party, and later, in the mid-1830s, became affiliated with the Whig Party."
us,Q11817,Andrew,Jackson,1767-03-15,1845-06-08,Waxhaws,https://en.wikipedia.org/wiki/Andrew_Jackson,1829-03-04,1837-03-04,"Andrew Jackson (March 15, 1767 – June 8, 1845) was the seventh president of the United States from 1829 to 1837. He rose to fame as a U.S. Army general and served in both houses of the U.S. Congress. His political philosophy, which dominated his presidency, became the basis for the rise of Jacksonian democracy. His legacy is controversial: he has been praised as an advocate for white working Americans and preserving the union of states, and criticized for his racist policies, particularly towards Native Americans."
us,Q11820,Martin,Van Buren,1782-12-05,1862-07-24,Kinderhook,https://en.wikipedia.org/wiki/Martin_Van_Buren,1837-03-04,1841-03-04,"Martin Van Buren (born Maarten Van Buren, December 5, 1782– July 24, 1862) was the eighth president of the United States, serving from 1837 to 1841. Van Buren co-founded the Democratic Party with Andrew Jackson and became Jackson's vice president from 1833 to 1837."
us,Q11869,William,Harrison,1773-02-09,1841-04-04,Charles City County,https://en.wikipedia.org/wiki/William_Henry_Harrison,1841-03-04,1841-04-04,"William Henry Harrison (February 9, 1773– April 4, 1841) was the ninth president of the United States from March to April 1841. He died 31 days into his term, making him the shortest serving president and the first president to die in office. Immediately after his death, vice president John Tyler took over, ending the constitutional crisis that had been triggered by the question of presidential succession in the U.S. Constitution."
us,Q11881,John,Tyler,1790-03-29,1862-01-18,Charles City County,https://en.wikipedia.org/wiki/John_Tyler,1841-04-04,1845-03-04,"John Tyler (March 29, 1790 – January 18, 1862) was the tenth president of the United States, serving from 1841 to 1845, after briefly holding office as the tenth vice president in 1841. He was elected vice president on the 1840 Whig ticket with William Henry Harrison, succeeding to the presidency following Harrison's death 31 days after assuming office as president. Tyler was a stalwart supporter and advocate of states' rights, including regarding slavery, and he adopted nationalistic policies as president only when they did not infringe on the states' powers. His unexpected rise to the presidency posed a threat to the presidential ambitions of Senator Henry Clay and other Whig politicians and left Tyler estranged from both major political parties at the time: the Whigs and the Democrats."
us,Q11891,James,Polk,1795-11-02,1849-06-15,Pineville,https://en.wikipedia.org/wiki/James_K._Polk,1845-03-04,1849-03-04,"James Knox Polk (/poʊk/; November 2, 1795 – June 15, 1849) was the 11th president of the United States, serving from 1845 to 1849. A protégé of Andrew Jackson and a member of the Democratic Party, he was an advocate of American expansionism and Jacksonian democracy. Polk saw Texas join the Union in his first year in office, one of the precipitating causes that soon led the U.S. into the Mexican–American War. The settlement of that war expanded American territory to the Pacific Ocean. During his term, the dispute over the Oregon Territory with the United Kingdom was resolved as well, creating the present U.S.-Canadian boundary."
us,Q11896,Zachary,Taylor,1784-11-24,1850-07-09,Barboursville,https://en.wikipedia.org/wiki/Zachary_Taylor,1849-03-04,1850-07-09,"Zachary Taylor (November 24, 1784 – July 9, 1850) was the 12th president of the United States, serving from 1849 until his death in 1850. Before his presidency, Taylor was a career officer in the United States Army, rising to the rank of major general and becoming a national hero for his victories in the Mexican–American War. As a result, he won election to the White House despite his vague political beliefs. His top priority as president was to preserve the Union. He died 16 months into his term from a stomach disease. Taylor had the third-shortest presidential term in U.S. history."
us,Q12306,Millard,Fillmore,1800-01-07,1874-03-08,Summerhill,https://en.wikipedia.org/wiki/Millard_Fillmore,1850-07-09,1853-03-04,"Millard Fillmore (January 7, 1800 – March 8, 1874) was the 13th president of the United States, serving from 1850 to 1853. He was the last president to be a member of the Whig Party while in the White House, and the last to be neither a Democrat nor a Republican. A former member of the U.S. House of Representatives, Fillmore was elected vice president in 1848, and succeeded to the presidency when Zachary Taylor died in 1850. Fillmore was instrumental in passing the Compromise of 1850, which led to a brief truce in the battle over the expansion of slavery."
us,Q12312,Franklin,Pierce,1804-11-23,1869-10-08,Hillsborough,https://en.wikipedia.org/wiki/Franklin_Pierce,1853-03-04,1857-03-04,"Franklin Pierce (November 23, 1804– October 8, 1869) was the 14th president of the United States, serving from 1853 to 1857. A northern Democrat who believed that the abolitionist movement was a fundamental threat to national unity, he alienated anti-slavery groups by signing the Kansas–Nebraska Act and enforcing the Fugitive Slave Act. Conflict between North and South continued after Pierce's presidency, and, following Abraham Lincoln's victory in the 1860 presidential election, the Southern states seceded, resulting in the American Civil War."
us,Q12325,James,Buchanan,1791-04-23,1868-06-01,Stony Batter,https://en.wikipedia.org/wiki/James_Buchanan,1857-03-04,1861-03-04,"James Buchanan Jr. was the 15th president of the United States, serving from 1857 to 1861. He also served as the 17th United States secretary of state from 1845 to 1849 and represented Pennsylvania in both houses of the U.S. Congress. Buchanan was an advocate for states' rights, particularly regarding slavery, and argued for limiting the role of the federal government preceding the American Civil War."
us,Q22686,Donald,Trump,1946-06-14,,Jamaica Hospital Medical Center,https://en.wikipedia.org/wiki/Donald_Trump,2017-01-20,2021-01-20,"Donald John Trump (born June 14, 1946) is an American politician, media personality, and businessman who is the 47th president of the United States. A member of the Republican Party, he served as the 45th president from 2017 to 2021."
us,Q23505,George,Bush,1924-06-12,2018-11-30,Milton,https://en.wikipedia.org/wiki/George_H._W._Bush,1989-01-20,1993-01-20,"George Herbert Walker Bush (June 12, 1924 – November 30, 2018) was the 41st president of the United States, serving from 1989 to 1993. Bush was Ronald Reagan's vice president from 1981 to 1989. He was the father of George W. Bush, the 43rd president of the United States."
us,Q23685,Jimmy,Carter,1924-10-01,,Lillian G. Carter Nursing Center,https://en.wikipedia.org/wiki/Jimmy_Carter,1977-01-20,1981-01-20,"James Earl Carter Jr. (October 1, 1924– December 29, 2024) was an American politician and humanitarian who served as the 39th president of the United States from 1977 to 1981. A member of the Democratic Party, Carter served from 1971 to 1975 as the 76th governor of Georgia and from 1963 to 1967 in the Georgia State Senate. He lived longer than any other president in US history, reaching age 100."
us,Q33866,Theodore,Roosevelt,1858-10-27,1919-01-06,Manhattan,https://en.wikipedia.org/wiki/Theodore_Roosevelt,1901-09-14,1909-03-04,"Theodore Roosevelt Jr. (October 27, 1858– January 6, 1919) was the 26th president of the United States, serving from 1901 to 1909. Previously serving six months as vice president under William McKinley, Roosevelt became president after McKinley's assassination in 1901. He was 42 years old upon his first inauguration, making him the youngest person to hold the office."
us,Q34296,Woodrow,Wilson,1856-12-28,1924-02-03,Staunton,https://en.wikipedia.org/wiki/Woodrow_Wilson,1913-03-04,1921-03-04,"Thomas Woodrow Wilson (December 28, 1856– February 3, 1924) was the 28th president of the United States, serving from 1913 to 1921. He was the only Democrat to serve as president during the Progressive Era, when Republicans dominated the presidency and legislative branches. As president, Wilson made significant economic reforms and led the United States through World War I. He was the leading architect of the League of Nations, and his stance on foreign policy came to be known as Wilsonianism."
us,Q34597,James,Garfield,1831-11-19,1881-09-19,Moreland Hills,https://en.wikipedia.org/wiki/James_A._Garfield,1881-03-04,1881-09-19,"James Abram Garfield (November 19, 1831– September 19, 1881) was the 20th president of the United States, serving from March 1881 until his death in September that year after being shot in July. A preacher, lawyer, and Civil War general, Garfield served nine terms in the United States House of Representatives and is the only sitting member of the House to be elected president. Before he ran for president, the Ohio General Assembly had elected him to the U.S. Senate, a position he declined upon becoming president-elect."
us,Q34836,Ulysses,Grant,1822-04-27,1885-07-23,Point Pleasant,https://en.wikipedia.org/wiki/Ulysses_S._Grant,1869-03-04,1877-03-04,"Ulysses S. Grant (born Hiram Ulysses Grant; April 27, 1822– July 23, 1885) was the General-in-Chief of the Union Army, leading them to victory in the American Civil War in 1865, and the 18th president of the United States, serving from 1869 to 1877."
us,Q35041,William,McKinley,1843-01-29,1901-09-14,Niles,https://en.wikipedia.org/wiki/William_McKinley,1897-03-04,1901-09-14,"William McKinley (January 29, 1843– September 14, 1901) was the 25th president of the United States, serving from 1897 until his assassination in 1901. A member of the Republican Party, he led a realignment that made Republicans largely dominant in the industrial states and nationwide for decades. McKinley successfully led the U.S. in the Spanish–American War and oversaw a period of American expansionism, with the annexations of Hawaii, Puerto Rico, Guam, the Philippines, and American Samoa."
us,Q35171,Stephen,Cleveland,1837-03-18,1908-06-24,Caldwell,https://en.wikipedia.org/wiki/Grover_Cleveland,1893-03-04,1897-03-04,"Stephen Grover Cleveland (March 18, 1837– June 24, 1908) was the 22nd and 24th president of the United States, serving from 1885 to 1889 and from 1893 to 1897. He was the first Democrat elected president after the American Civil War and the first U.S. president to serve nonconsecutive terms."
us,Q35236,Herbert,Hoover,1874-08-10,1964-10-20,West Branch,https://en.wikipedia.org/wiki/Herbert_Hoover,1929-03-04,1933-03-04,"Herbert Clark Hoover (August 10, 1874 – October 20, 1964) was the 31st president of the United States, serving from 1929 to 1933. As a member of the Republican Party, he served as the third United States secretary of commerce from 1921 to 1928 before being elected president in 1928. His presidency was dominated by the Great Depression, and his policies and methods to combat it were seen as inadequate and overly conservative. Amid his unpopularity, he decisively lost reelection to Franklin D. Roosevelt in 1932."
us,Q35286,Warren,Harding,1865-11-02,1923-08-02,Blooming Grove,https://en.wikipedia.org/wiki/Warren_G._Harding,1921-03-04,1923-08-02,"Warren Gamaliel Harding (November 2, 1865 – August 2, 1923) was the 29th president of the United States, serving from 1921 until his death in 1923. A member of the Republican Party, he was one of the most popular presidents at the time of his death. After that, a number of scandals were exposed that greatly damaged his reputation."
us,Q35498,Chester,Arthur,1829-10-05,1886-11-18,Fairfield,https://en.wikipedia.org/wiki/Chester_A._Arthur,1881-09-19,1885-03-04,"Chester Alan Arthur (October 5, 1829 – November 18, 1886) was the 21st president of the United States, serving from 1881 to 1885. A Republican from New York, he served as the 20th vice president under President James A. Garfield in 1881, assuming the presidency after Garfield's assassination. Arthur's administration saw the largest expansion of the U.S. Navy, the end of the so-called ""spoils system"", and the implementation of harsher restrictions for migrants entering from abroad."
us,Q35648,William,Taft,1857-09-15,1930-03-08,Cincinnati,https://en.wikipedia.org/wiki/William_Howard_Taft,1909-03-04,1913-03-04,"William Howard Taft (September 15, 1857– March 8, 1930) was the 27th president of the United States from 1909 to 1913 and the tenth chief justice of the United States from 1921 to 1930. He is the only person to have held both offices."
us,Q35678,Benjamin,Harrison,1833-08-20,1901-03-13,North Bend,https://en.wikipedia.org/wiki/Benjamin_Harrison,1889-03-04,1893-03-04,"Benjamin Harrison (August 20, 1833– March 13, 1901) was the 23rd president of the United States, serving from 1889 to 1893. He was a member of the Harrison family of Virginia—a grandson of the ninth president, William Henry Harrison, and a great-grandson of Benjamin HarrisonV, a Founding Father. A Union army veteran and a Republican, he defeated incumbent Grover Cleveland to win the presidency in 1888."
us,Q35686,Rutherford,Hayes,1822-10-04,1893-01-17,Delaware,https://en.wikipedia.org/wiki/Rutherford_B._Hayes,1877-03-04,1881-03-04,"Rutherford Birchard Hayes was the 19th president of the United States, serving from 1877 to 1881. He served as Cincinnati's city solicitor from 1858 to 1861 and was known as a staunch abolitionist who defended refugee slaves in court proceedings. At the start of the Civil War, Hayes left a fledgling political career to join the Union army. He was wounded five times, most seriously at the Battle of South Mountain in 1862. Hayes earned a reputation for bravery in combat, rising in the ranks to serve as brevet major general. After the war, he was a prominent member of the ""Half-Breed"" faction of the Republican Party. Hayes served in Congress from 1865 to 1867 and was elected governor of Ohio, serving two consecutive terms from 1868 to 1872 and half of a third two-year term from 1876 to 1877 before his swearing-in as president."
us,Q36023,John,Coolidge,1872-07-04,1933-01-05,Plymouth Notch,https://en.wikipedia.org/wiki/Calvin_Coolidge,1923-08-02,1929-03-04,"Calvin Coolidge (born John Calvin Coolidge Jr.; /ˈkuːlɪdʒ/ KOOL-ij; July 4, 1872– January 5, 1933) was the 30th president of the United States, serving from 1923 to 1929. A Republican lawyer from Massachusetts, he had served as the 29th vice president from 1921 to 1923, under President Warren G. Harding, and as the 48th governor of Massachusetts from 1919 to 1921. Coolidge gained a reputation as a small-government conservative, with a taciturn personality and dry sense of humor that earned him the nickname ""Silent Cal""."
be,Q12978,Guy,Verhofstadt,1953-04-11,,Dendermonde,https://nl.wikipedia.org/wiki/Guy_Verhofstadt,1999-07-12,2008-03-20,"Guy Maurice Marie-Louise Verhofstadt (Dendermonde, 11 april 1953) is een Belgisch politicus voor de Open Vlaamse Liberalen en Democraten (Open Vld). Hij was premier van België van 12 juli 1999 tot 20 maart 2008 in drie regeringen. Hij beëindigde zijn actieve politieke carrière in het Europees Parlement, waar hij van 2009 tot 2019 fractieleider van de Alliantie van Liberalen en Democraten voor Europa (ALDE) was."
be,Q12981,Yves,Leterme,1960-10-06,,Wervik,https://nl.wikipedia.org/wiki/Yves_Leterme,2009-11-25,2011-12-06,"Yves Camille Désiré Leterme (Wervik, 6 oktober 1960) is een voormalig Belgisch politicus. Hij was onder meer Vlaams minister-president en premier van België. Hij was lang boegbeeld van de CD&V en boegbeeld van het toenmalige kartel CD&V/N-VA."
be,Q12983,Herman,None,1947-10-31,,Etterbeek,https://nl.wikipedia.org/wiki/Herman_Van_Rompuy,2008-12-30,2009-11-25,"Herman Achille graaf Van Rompuy (Etterbeek, 31 oktober 1947) is een Belgische politicus van de christendemocratische partij CD&V. Hij was tussen 30 december 2008 en 25 november 2009 de premier van België en van 1 januari 2010 tot en met 30 november 2014 voorzitter van de Europese Raad, in de media vaak incorrect 'president van Europa' genoemd. Op 19 november 2009 werd bekendgemaakt dat hij was verkozen tot de eerste permanente voorzitter en op 1 maart 2012 werd Van Rompuy met algemene stemmen door de 27 staatshoofden en regeringsleiders van de EU voor een tweede mandaat benoemd. Na deze termijn was hij niet meer herkiesbaar."
be,Q14989,Léon,Delacroix,1867-12-27,1929-10-15,Saint-Josse-ten-Noode,https://nl.wikipedia.org/wiki/L%C3%A9on_Delacroix,1918-11-21,1920-11-20,"Léon Fréderic Gustave Delacroix (Sint-Joost-ten-Node, 27 december 1867 – Baden-Baden, 15 oktober 1929) was een Belgisch katholiek politicus. Van 1918 tot 1920 was hij premier van België."
be,Q14990,Henry,Carton,1869-01-31,1951-05-06,Brussels,https://nl.wikipedia.org/wiki/Henri_Carton_de_Wiart,1920-11-20,1921-12-16,"Henri Victor Marie Ghislain Carton de Wiart (Brussel, 31 januari 1869 – Ukkel, 6 mei 1951) (ook als ""Henry"" vermeld) was een Belgische politicus. Hij was premier van 1920 tot 1921."
be,Q14991,Georges,Theunis,1873-02-28,1966-01-04,Montegnée,https://nl.wikipedia.org/wiki/Georges_Theunis,1934-11-20,1935-03-25,"Georges Emile Pierre Léonard Theunis (Montegnée, 28 februari 1873 – Brussel, 4 januari 1966) was een Belgisch industrieel en politicus van de Katholieke Partij."
be,Q14992,Aloïs,Van de Vyvere,1871-06-08,1961-10-22,Tielt,https://nl.wikipedia.org/wiki/Aloys_Van_de_Vyvere,1925-05-13,1925-06-17,"Aloys Jean Maria Joseph Van de Vyvere (Tielt, 8 juni 1871 - Parijs, 22 oktober 1961) was een Belgisch katholiek volksvertegenwoordiger en minister."
be,Q14993,Prosper,Poullet,1868-03-05,1937-12-03,Leuven,https://nl.wikipedia.org/wiki/Prosper_Poullet,1925-06-17,1926-05-20,"Prosper Antoine Marie Joseph burggraaf Poullet (Leuven, 5 maart 1868 - aldaar, 3 december 1937) was een Belgisch politicus."
be,Q14994,Henri,Jaspar,1870-07-28,1939-02-15,Schaerbeek - Schaarbeek,https://nl.wikipedia.org/wiki/Henri_Jaspar,1926-05-20,1931-06-06,"Henri Jaspar (Schaarbeek, 28 juli 1870 - Sint-Gillis, 15 februari 1939) was een Belgisch katholiek politicus, die twee keer premier van België was."
be,Q14995,Jules,None,1862-12-03,1934-07-15,Ixelles - Elsene,https://nl.wikipedia.org/wiki/Jules_Renkin,1931-06-06,1932-10-22,"Jules Laurent Jean Louis Renkin (Elsene, 3 december 1862 - Brussel, 15 juli 1934) was een Belgisch katholiek politicus."
be,Q14996,Paul,Van Zeeland,1893-11-11,1973-09-22,Soignies,https://nl.wikipedia.org/wiki/Paul_van_Zeeland,1935-03-25,1937-11-24,"Paul Guillaume van Zeeland (Zinnik, 11 november 1893 – Brussel, 22 september 1973) was een Belgisch advocaat, econoom, katholiek politicus en staatsman."
be,Q14997,Achille,Van Acker,1898-04-08,1975-07-10,Bruges,https://nl.wikipedia.org/wiki/Achiel_Van_Acker,1954-04-23,1958-06-26,"Achille Honoré (Achiel) Van Acker (Brugge, 8 april 1898 – aldaar, 10 juli 1975) was een Belgisch socialistisch politicus. Hij was viermaal premier van België."
be,Q14998,Camille,Huysmans,1871-05-26,1968-02-25,Bilzen,https://nl.wikipedia.org/wiki/Camille_Huysmans,1946-08-03,1947-03-20,"Jean Joseph Camille Huysmans (ook Kamiel Huysmans genoemd) (Bilzen, 26 mei 1871 - Antwerpen, 25 februari 1968), geboren als Camiel Hansen, was een Belgisch journalist en socialistisch politicus voor de BWP / BSP."
be,Q14999,Gaston,Eyskens,1905-04-01,1988-01-03,Lier,https://nl.wikipedia.org/wiki/Gaston_Eyskens,1968-07-17,1973-01-26,"Gaston François Marie burggraaf Eyskens (Lier, 1 april 1905 – Leuven, 3 januari 1988) was een Belgisch econoom, hoogleraar aan de Katholieke Universiteit Leuven en christendemocratisch politicus. Hij was driemaal eerste minister in de periode tussen 1949 en 1973. Hij was de eerste Belgische regeringsleider die geboren was in de 20e eeuw."
be,Q15002,Leo,Tindemans,1922-04-16,2014-12-26,Zwijndrecht,https://nl.wikipedia.org/wiki/Leo_Tindemans,1974-04-25,1978-10-20,"Leonard Clemence (Leo) Tindemans (Zwijndrecht, 16 april 1922 – Edegem, 26 december 2014) was een Belgisch politicus voor de CVP en minister van staat. Hij was eerste minister van twee regeringen in België (periode van 25 april 1974 tot 20 oktober 1978) en behaalde het grootste aantal voorkeurstemmen in de Belgische geschiedenis bij de Europese verkiezingen van 1979. Daardoor kreeg hij de bijnaam ""de man van 1 miljoen stemmen""."
be,Q15048,Elio,Di Rupo,1951-07-18,,Morlanwelz,https://nl.wikipedia.org/wiki/Elio_Di_Rupo,2011-12-06,2014-10-11,"Elio Di Rupo (Morlanwelz, 18 juli 1951) is een Belgische politicus voor de Parti Socialiste (PS). Van 6 december 2011 tot 11 oktober 2014 was hij premier van België en werd meermaals minister en minister-president van de Waalse Regering."
be,Q15056,Jean-Luc,Dehaene,1940-08-07,2014-05-15,Montpellier,https://nl.wikipedia.org/wiki/Jean-Luc_Dehaene,1992-03-07,1999-07-12,"Jean Luc Joseph Marie Dehaene (Montpellier, 7 augustus 1940 – Quimper, 15 mei 2014) was van 1992 tot 1999 premier van België. Hij was lid van de toenmalige CVP (nu CD&V). Onder zijn regering werd België een volwaardige federale staat. Dehaene leidde twee coalitieregeringen met de socialisten en bekleedde verschillende ministerposten voor hij in 1992 eerste minister werd. Van 2000 tot 2007 was hij burgemeester van Vilvoorde. In 2002 werd hij voorgedragen als vicevoorzitter van de Europese Conventie."
be,Q15956,Frans,Schollaert,1851-08-19,1917-06-29,Wilsele,https://nl.wikipedia.org/wiki/Frans_Schollaert,1908-01-09,1911-06-17,"François Victor Marie Ghislain (Frans) Schollaert (Wilsele, 19 augustus 1851 - Sainte-Adresse, 25 juni 1917) was een Belgisch katholiek politicus."
be,Q143202,Pieter,Decker,1812-01-25,1891-01-04,Zele,https://nl.wikipedia.org/wiki/Pieter_de_Decker,1855-03-30,1857-11-09,"Pierre Jacques François (Pieter) de Decker (Zele, 25 januari 1812 - Schaarbeek, 4 januari 1891) was een Belgisch politicus en auteur."
be,Q155691,Paul-Henri,Spaak,1899-01-25,1972-07-31,Schaerbeek - Schaarbeek,https://nl.wikipedia.org/wiki/Paul-Henri_Spaak,1947-03-20,1949-08-11,"Paul-Henri Charles Spaak (Schaarbeek, 25 januari 1899 - Eigenbrakel, 31 juli 1972) was een Belgisch socialistisch politicus en regeringsleider."
be,Q202049,Auguste,Beernaert,1829-07-26,1912-10-06,Ostend,https://nl.wikipedia.org/wiki/Auguste_Beernaert,1884-10-26,1894-03-26,"Auguste Marie François (August) Beernaert (Oostende, 26 juli 1829 – Luzern, 6 oktober 1912) was een Belgisch katholiek politicus en mensenrechtenactivist. In 1909 won hij de Nobelprijs voor de Vrede."
be,Q221781,Théodore,Lefèvre,1914-01-17,1973-09-18,Ghent,https://nl.wikipedia.org/wiki/Th%C3%A9o_Lef%C3%A8vre,1961-04-25,1965-07-28,"Théodore Joseph Albéric Marie Lefèvre (Gent, 17 januari 1914 – Sint-Lambrechts-Woluwe, 18 september 1973) was een Belgisch politicus. Hij was premier van België van 1961 tot 1965, aan het hoofd van de regering-Lefèvre-Spaak."
be,Q250021,Paul,None,1919-05-22,2001-01-09,Forest,https://nl.wikipedia.org/wiki/Paul_Vanden_Boeynants,1978-10-20,1979-04-03,"Paul Emile François Henri Vanden Boeynants (Vorst, 22 mei 1919 – Aalst, 8 januari 2001), in de media en door hemzelf bijgenaamd 'VDB', was een Belgisch volksvertegenwoordiger, minister en premier. Als ondernemer was hij actief in de vleesindustrie."
be,Q289570,Étienne,Gerlache,1785-12-26,1871-02-10,Château of Biourge,https://nl.wikipedia.org/wiki/Etienne_de_Gerlache,1831-02-27,1831-03-10,"Etienne Constantin baron de Gerlache (Biourge, 25 december 1785 - Elsene, 10 februari 1871) was advocaat, politicus en magistraat in het Verenigd Koninkrijk der Nederlanden en in België."
be,Q313809,Wilfried,Martens,1936-04-19,2013-10-09,Sleidinge,https://nl.wikipedia.org/wiki/Wilfried_Martens,1981-12-17,1992-03-07,"Wilfried Achiel Emma Martens (Sleidinge, 19 april 1936 – Lokeren, 9 oktober 2013) was een Vlaams-Belgische politicus voor de CD&V (vroeger CVP) en was van april 1979 tot maart 1992 (met een korte onderbreking) eerste minister van België."
be,Q349477,Mark,Eyskens,1933-04-29,,Leuven,https://nl.wikipedia.org/wiki/Mark_Eyskens,1981-04-06,1981-12-17,"Marc Maria Frans burggraaf Eyskens (Leuven, 29 april 1933) is een Belgische emeritus hoogleraar, econoom, politicus en essayist. Van april tot december 1981 was hij premier van België."
be,Q363942,Pierre,Harmel,1911-03-16,2009-11-15,Uccle,https://nl.wikipedia.org/wiki/Pierre_Harmel,1965-07-28,1966-03-19,"Pierre Charles José Marie graaf Harmel (Ukkel, 16 maart 1911 – Brussel, 15 november 2009) was een Belgisch advocaat, hoogleraar en christendemocratisch staatsman."
be,Q442578,Hubert,Pierlot,1883-12-23,1963-12-13,Bertrix,https://nl.wikipedia.org/wiki/Hubert_Pierlot,1939-02-22,1945-02-12,"Hubert Marie Eugène Pierlot (Cugnon, 23 december 1883 – Ukkel, 13 december 1963) was de Belgische eerste minister van 1939 tot 1945."
be,Q446472,Jean-Baptiste,Nothomb,1805-07-03,1881-09-16,Messancy,https://nl.wikipedia.org/wiki/Jean-Baptiste_Nothomb,1841-04-13,1845-07-30,"Jean Baptiste Nothomb (Messancy, 3 juli 1805 – Berlijn, 16 september 1881) was een Belgisch staatsman en diplomaat die een belangrijke rol speelde bij het tot stand komen van de Belgische staat. Zo was hij een van de opstellers van de Belgische grondwet en onderhandelde hij over de verdragen die de Belgische onafhankelijkheid garandeerden."
be,Q461745,Edmond,None,1915-04-18,1997-06-15,Lantremange,https://nl.wikipedia.org/wiki/Edmond_Leburton,1973-01-26,1974-04-25,"Edmond Jules Isidore Leburton (Lantremange, 18 april 1915 – Borgworm, 15 juni 1997) was een Belgisch politicus voor de PSB."
be,Q461753,Jean,None,1900-04-10,1977-10-11,Frasnes-lez-Gosselies,https://nl.wikipedia.org/wiki/Jean_Duvieusart,1950-06-08,1950-08-16,"Jean Pierre Armand Ghislain Marie Duvieusart (Frasnes-lez-Gosselies, 10 april 1900 – Couillet, 11 oktober 1977) was een Belgisch advocaat en katholiek politicus."
be,Q468104,Joseph,Lebeau,1794-01-03,1865-03-19,Huy,https://nl.wikipedia.org/wiki/Joseph_Lebeau,1840-04-18,1841-04-13,"Jean Louis Joseph Lebeau (Hoei, 2 januari 1794 – aldaar, 19 maart 1865) was lid van het Nationaal Congres, Belgisch liberaal volksvertegenwoordiger en eerste minister."
be,Q468109,Charles,Rogier,1800-08-17,1885-05-27,Saint-Quentin,https://nl.wikipedia.org/wiki/Charles_Rogier,1857-11-09,1868-01-03,"Charles Latour Rogier (Nederlands, verouderd: Karel Rogier; Saint-Quentin 17 augustus 1800 – Sint-Joost-ten-Node, 27 mei 1885) was een Belgisch politicus en een van de grondleggers van de Belgische staat."
be,Q472257,Barthélemy,None,1794-02-26,1874-08-24,Kasteel van Schabroek,https://nl.wikipedia.org/wiki/Barth%C3%A9lemy_de_Theux_de_Meylandt,1871-12-07,1874-08-21,"Barthélemy-Théodore graaf de Theux de Meylandt (Sint-Truiden, 26 februari 1794 – Heusden, 21 augustus 1874) was een Belgisch staatsman, eerste minister en lid van het Nationaal Congres."
be,Q472276,Felix,None,1793-04-05,1862-08-05,Pittem,https://nl.wikipedia.org/wiki/Felix_de_M%C3%BBelenaere,1831-07-24,1832-10-20,"Felix Amandus de Mûelenaere (Pittem, 9 april 1793 – aldaar, 5 augustus 1862) was een Belgisch unionistisch politicus."
be,Q476596,Alexander,De Croo,1975-11-03,,Vilvoorde,https://nl.wikipedia.org/wiki/Alexander_De_Croo,2020-10-01,,"Alexander Francis Herman De Croo (Vilvoorde, 3 november 1975) is een Belgisch politicus voor Anders. (voorheen Open Vld). Tussen oktober 2020 en februari 2025 was De Croo premier van België van de zogenaamde Vivaldicoalitie. In 2025 werd hij aangesteld als directeur van het VN-Ontwikkelingsprogramma."
be,Q527479,Henri,de Brouckère,1801-01-25,1891-01-25,Bruges,https://nl.wikipedia.org/wiki/Henri_de_Brouck%C3%A8re,1852-10-31,1855-03-30,"Henri Ghislain Joseph Marie Hyacinthe de Brouckère (Brugge, 25 januari 1801 - Brussel, 25 januari 1891) was een Belgisch liberaal politicus. Hij was onder meer eerste minister, volksvertegenwoordiger en lid van het Belgisch Nationaal Congres."
be,Q533339,Albert,None,1790-05-26,1873-05-05,Tournai,https://nl.wikipedia.org/wiki/Albert_Goblet_d%27Alviella,1832-10-20,1834-08-04,"Albert Joseph Goblet, sinds 1838 graaf Goblet d'Alviella (Doornik, 26 mei 1790 – Brussel, 5 mei 1873) was een Belgisch politicus en officier."
be,Q546727,Sylvain,Weyer,1802-01-19,1874-05-23,Leuven,https://nl.wikipedia.org/wiki/Sylvain_Van_de_Weyer,1845-07-30,1846-03-31,"Jean-Sylvain Van de Weyer (Leuven, 19 januari 1802 – Londen, 23 mei 1874), beter bekend als Sylvain Van de Weyer, was een van de grondleggers van de Belgische Staat, en later ook eerste minister."
be,Q569138,Jules,Burlet,1844-04-10,1897-03-01,Ixelles - Elsene,https://nl.wikipedia.org/wiki/Jules_de_Burlet,1894-03-26,1896-02-25,"Jules Philippe Marie de Burlet (Elsene, 10 april 1844 - Nijvel, 1 maart 1897) was een Belgisch katholiek politicus."
be,Q665955,Paul-Émile,None,1872-05-30,1944-03-03,Brussels metropolitan area,https://nl.wikipedia.org/wiki/Paul-Emile_Janson,1937-11-24,1938-05-15,"Paul-Emile Janson (Brussel, 30 mei 1872 - concentratiekamp Buchenwald, 3 maart 1944) was de Belgische eerste minister van november 1937 tot mei 1938."
be,Q678535,Jules,Malou,1810-10-19,1886-07-11,Ypres,https://nl.wikipedia.org/wiki/Jules_Malou,1884-06-16,1884-10-26,"Jules Edouard François-Xavier Malou (Ieper, 19 oktober 1810 - Sint-Lambrechts-Woluwe, 11 juli 1886) was een Belgisch politicus. Hij was onder meer leider van de Katholieke Partij, volksvertegenwoordiger, senator en eerste minister."
be,Q705103,Charles,Broqueville,1860-12-04,1940-09-05,Postel,https://nl.wikipedia.org/wiki/Charles_de_Broqueville,1932-10-22,1934-11-20,"Charles Marie Pierre Albert graaf de Broqueville (Postel, 4 december 1860 - Brussel, 5 september 1940) was de Belgische kabinetsleider tijdens de Eerste Wereldoorlog (van 17 juni 1911 tot 1 juni 1918) en eerste minister van 22 oktober 1932 tot 20 november 1934. Hij was lid van de Katholieke Partij."
be,Q705111,Joseph,Pholien,1884-12-28,1968-01-04,Liège,https://nl.wikipedia.org/wiki/Joseph_Pholien,1950-08-16,1952-01-15,"Joseph Clovis Louis Marie Emmanuel Pholien (Luik, 28 december 1884 – Brussel, 4 januari 1968) was een Belgisch politicus van de PSC."
be,Q705128,Jean,Van Houtte,1907-03-17,1991-05-23,Ghent,https://nl.wikipedia.org/wiki/Jean_Van_Houtte,1952-01-15,1954-04-23,"Jean Maria Josephus baron Van Houtte (Gent, 17 maart 1907 – Brussel, 23 mei 1991) was een Belgisch advocaat, hoogleraar en politicus van de CVP."
be,Q705791,Walthère,Frère,1812-04-22,1896-01-02,Liège,https://nl.wikipedia.org/wiki/Walth%C3%A8re_Fr%C3%A8re-Orban,1878-06-19,1884-06-16,"Hubert Joseph Walthère Frère-Orban (Luik, 24 april 1812 – Brussel, 2 januari 1896) was een Belgisch liberaal politicus die zijn stempel heeft gedrukt op de eerste halve eeuw onafhankelijkheid van België."
be,Q719483,Gérard,Cooreman,1852-03-25,1926-12-02,Ghent,https://nl.wikipedia.org/wiki/Gerard_Cooreman,1918-06-01,1918-11-21,"Gérard François Marie (Gerard) Cooreman (Gent, 25 maart 1852 – Brussel, 2 december 1926) was een Belgisch advocaat en politicus voor de katholieke Partij."
be,Q721772,Jules,Vandenpeereboom,1843-03-18,1917-03-06,Kortrijk,https://nl.wikipedia.org/wiki/Jules_Vandenpeereboom,1899-01-24,1899-08-05,"Jules Pierre Henri François Xavier Vandenpeereboom (Kortrijk, 18 maart 1843 - Anderlecht, 6 maart 1917) was een Belgisch katholiek politicus."
be,Q721781,Paul,None,1843-05-13,1913-09-09,Ghent,https://nl.wikipedia.org/wiki/Paul_de_Smet_de_Naeyer,1899-08-05,1907-05-02,"Paul Joseph graaf de Smet de Naeyer (Gent, 13 mei 1843 – Brussel, 9 september 1913) was een Belgisch katholiek politicus."
be,Q721798,Jules,Trooz,1857-02-21,1907-12-31,Leuven,https://nl.wikipedia.org/wiki/Jules_de_Trooz,1907-05-02,1907-12-31,"Baron Jules Henri Ghislain Marie de Trooz (Leuven, 21 februari 1857 - Brussel, 31 december 1907) was een Belgisch katholiek politicus."
be,Q725589,Jules,d'Anethan,1803-04-23,1888-10-08,Brussels metropolitan area,https://nl.wikipedia.org/wiki/Jules_Joseph_d%27Anethan,1870-07-02,1871-12-07,"Jules Joseph d'Anethan (Brussel, 23 april 1803 - Schaarbeek, 8 oktober 1888) was een Belgisch politicus. Hij was premier van 2 juli 1870 tot 7 december 1871."
be,Q950958,Charles,Michel,1975-12-21,,Namur,https://nl.wikipedia.org/wiki/Charles_Michel,2014-10-11,2019-10-27,"Charles Yves Jean Ghislaine Michel (Namen, 21 december 1975) is een Belgisch politicus voor de partij Mouvement Réformateur (MR). Van 11 oktober 2014 tot 27 oktober 2019 was hij premier van België in de regeringen Michel I en Michel II. Op 2 juli 2019 werd hij verkozen als voorzitter van de Europese Raad, in opvolging van Donald Tusk, een functie die hij van 1 december 2019 tot 30 november 2024 uitoefende."
be,Q18434995,Sophie,Wilmès,1975-01-15,,Ixelles - Elsene,https://nl.wikipedia.org/wiki/Sophie_Wilm%C3%A8s,2019-10-27,2020-10-01,"Sophie Wilmès (Elsene, 15 januari 1975) is een Belgisch politica van de MR. Van 27 oktober 2019 tot 1 oktober 2020 was ze de eerste vrouwelijke premier van België. Ook was zij de eerste Belgische premier van Joodse komaf. Vanaf 1 oktober 2020 was ze vicepremier en minister van Buitenlandse Zaken en Buitenlandse Handel. Om familiale redenen legde ze op 21 april 2022 haar bevoegdheden als minister tijdelijk neer. Op 15 juli 2022 legde ze haar functie definitief neer."
ma,Q57553,Mohammed,None,1963-08-21,,Rabat,https://ar.wikipedia.org/wiki/%D9%85%D8%AD%D9%85%D8%AF_%D8%A7%D9%84%D8%B3%D8%A7%D8%AF%D8%B3_%D8%A8%D9%86_%D8%A7%D9%84%D8%AD%D8%B3%D9%86,1999-07-23,,مُحمد السادس بن الحسن العلوي (مواليد 21 أغسطس 1963) هو ملك المملكة المغربية منذ عام 1999 والملك الثالث والعشرون للمغرب من سلالة العلويين الفيلاليين، تولى الحكم خلفًا لوالده الملك الحسن الثاني بعد وفاته، وبويع ملكًا يوم الجمعة 9 ربيع الثاني سنة 1420 هـ الموافق 23 يوليو 1999 بالقصر الملكي بالرباط.
ma,Q69103,Hassan,None,1929-07-09,1999-07-20,Rabat,https://ar.wikipedia.org/wiki/%D8%A7%D9%84%D8%AD%D8%B3%D9%86_%D8%A7%D9%84%D8%AB%D8%A7%D9%86%D9%8A_%D8%A8%D9%86_%D9%85%D8%AD%D9%85%D8%AF,1961-02-26,1999-07-23,الحَسَن الثاني بِنْ مُحمد بِنْ يوسف العَلوي (9 يوليو 1929 – 23 يوليو 1999) هو ثاني ملوك المملكة المغربية بعد الإستقلال، والملك الثاني والعشرون للمغرب من سلالة العلويين الفيلاليين، تولى حكم المملكة المغربية خلفًا لوالده الملك محمد الخامس في 26 فبراير 1961 وحتى وفاته في 23 يوليو 1999. ينتمي الملك الحسن الثاني إلى السلالة العلوية التي تعود في نسبها إلى الحسن بن علي بن أبي طالب، وتحكم المغرب منذ عام 1666 ميلادية ويلقب الحاكم منهم بأمير المؤمنين.
ma,Q193874,Mohammed,None,1909-08-10,1961-02-26,Fez,https://ar.wikipedia.org/wiki/%D9%85%D8%AD%D9%85%D8%AF_%D8%A7%D9%84%D8%AE%D8%A7%D9%85%D8%B3_%D8%A8%D9%86_%D9%8A%D9%88%D8%B3%D9%81,1957-08-14,1961-02-26,محمد الخامس بن يوسف بن الحسن بن محمد بن عبد الرحمن بن هشام بن محمد بن عبد الله بن إسماعيل بن الشريف بن علي العلوي وُلد (1327 هـ / 10 أغسطس 1909م بالقصر السلطاني بفاس) وتوفي (1381 هـ / 26 فبراير 1961م بالرباط) خَلَف والده السلطان مولاي يوسف الذي توفي بُكرة يوم الخميس 22 جمادى الأولى سنة 1346 هـ موافق 17 نوفمبر سنة 1927م فبويع ابنه سيدي محمد سلطانا للمغرب في اليوم الموالي بعد صلاة الجمعة 23 جمادى الأولى سنة 1346 هـ موافق 18 نوفمبر سنة 1927م في القصر السلطاني بفاس ولم يزل سلطان المغرب إلى سنة 1957م، قضى منها المنفى بين (1953-1955)، ثم اتخذ لقب الملك سنة 1957م ولم يزل ملكا إلى وفاته سنة 1961م، ساند السلطان محمد الخامس نضالات الحركة الوطنية المغربية المطالبة بتحقيق الاستقلال، الشيء الذي دفعه إلى الاصطدام بسلطات الحماية. وكانت النتيجة قيام سلطات الحماية بنفيه إلى مدغشقر. وعلى إثر ذلك اندلعت مظاهرات مطالبة بعودته إلى وطنه. وأمام اشتداد حدة المظاهرات، قبلت السلطات الفرنسية بإرجاع السلطان إلى عرشه يوم 16 نوفمبر 1955. وبعد بضعة شهور تم إعلان استقلال المغرب. كان الملك محمد الخامس يكنى: أبا عبد الله.
ma,Q334782,Mohammed,None,,,None,https://ar.wikipedia.org/wiki/%D8%A7%D9%84%D9%82%D8%A7%D8%A6%D9%85_%D8%A8%D8%A3%D9%85%D8%B1_%D8%A7%D9%84%D9%84%D9%87_%D8%A7%D9%84%D8%B3%D8%B9%D8%AF%D9%8A,,1517-01-01,أبو عبد الله محمد بن محمد بن عبد الرحمن بن علي بن مخلوف بن زيدان الحسني الملقب بالقائم بأمر الله عميد الأسرة السعدية وأول سلطان للمغرب من الأسرة السعدية، حكم بين 1509 - 1517. تعد شريفة النسب
ru,Q7747,Vladimir,Putin,1952-10-07,,Saint Petersburg,"https://ru.wikipedia.org/wiki/%D0%9F%D1%83%D1%82%D0%B8%D0%BD,_%D0%92%D0%BB%D0%B0%D0%B4%D0%B8%D0%BC%D0%B8%D1%80_%D0%92%D0%BB%D0%B0%D0%B4%D0%B8%D0%BC%D0%B8%D1%80%D0%BE%D0%B2%D0%B8%D1%87",2000-05-07,2008-05-07,"Влади́мир Влади́мирович Пу́тин (род. 7 октября 1952, Ленинград, СССР)— российский государственный и политический деятель. Действующий президент Российской Федерации, председатель Государственного Совета Российской Федерации и Совета Безопасности Российской Федерации; Верховный главнокомандующий Вооружёнными силами Российской Федерации с 7 мая 2012года. Ранее занимал должность президента с 7 мая 2000по 7 мая 2008года, также в 1999—2000 и 2008—2012годах занимал должность председателя правительства Российской Федерации. Фактически руководит Россией, по разным оценкам, с 1999 или с 2000года. Основатель собственной политической идеологии и движения— «путинизма»."
ru,Q23530,Dmitry,Medvedev,1965-09-14,,Saint Petersburg,"https://ru.wikipedia.org/wiki/%D0%9C%D0%B5%D0%B4%D0%B2%D0%B5%D0%B4%D0%B5%D0%B2,_%D0%94%D0%BC%D0%B8%D1%82%D1%80%D0%B8%D0%B9_%D0%90%D0%BD%D0%B0%D1%82%D0%BE%D0%BB%D1%8C%D0%B5%D0%B2%D0%B8%D1%87",2008-05-07,2012-05-07,"Дми́трий Анато́льевич Медве́дев (род. 14 сентября 1965, Ленинград, СССР)— российский государственный и политический деятель. Первый заместитель председателя Военно-промышленной комиссии Российской Федерации с 26 декабря 2022года, заместитель председателя Совета Безопасности Российской Федерации с 16 января 2020года. Председатель партии «Единая Россия» с 26 мая 2012года. Президент Российской Федерации (7 мая 2008— 7 мая 2012). Председатель Правительства Российской Федерации (8 мая 2012— 15 января 2020)."
ru,Q34453,Boris,Yeltsin,1931-02-01,2007-04-23,Butka,"https://ru.wikipedia.org/wiki/%D0%95%D0%BB%D1%8C%D1%86%D0%B8%D0%BD,_%D0%91%D0%BE%D1%80%D0%B8%D1%81_%D0%9D%D0%B8%D0%BA%D0%BE%D0%BB%D0%B0%D0%B5%D0%B2%D0%B8%D1%87",1991-07-10,1999-12-31,"Бори́с Никола́евич Е́льцин ɪvʲɪt͡ɕ ˈjelʲt͡sɨnофайле; 1февраля 1931 (1931-02-01), Бутка, Буткинский район, Уральская область, РСФСР, СССР— 23 апреля 2007, Москва, Россия)— советский и российский партийный, государственный и политический деятель, первый Президент Российской Федерации (1991—1999)➤; в ноябре 1991— июне 1992года одновременно возглавлял правительство России. С марта по май 1992года исполнял обязанности министра обороны Российской Федерации."
